RQ_ID,RESEARCH_QUESTION,STATUS,EVIDENCE,LIMITATION,NEXT_GATE,IMPLEMENTATION_REQUIRED
RQ-01,G1-G5 can explain different types of Evidence Failure?,PARTIALLY_SUPPORTED,"70/70 cases classified (100%); 13 documents; 23 problem types; 0 new gap type; all 5 gaps in ≥3 documents and ≥2 document types",Academic papers only (13 docs); single-researcher classification; 27/70 borderline cases,DOMAIN_GENERALIZATION_GATE,FALSE
RQ-02,Evidence Availability is different from Evidence Sufficiency?,SUPPORTED,"55 cases have available evidence but are insufficient (G1-G3); 13 have available but boundary (G5); only 65 have available AND sufficient (L5); G1-G5 hierarchy proves distinct layers",None (proven by direct case evidence),None,FALSE
RQ-03,Evidence Boundary genuinely exists?,SUPPORTED,"13 cases pass all B1-B6 criteria; 9 CONFIRMED (C3=NO: more same-type evidence cannot resolve); 4 CONDITIONAL (C3=PARTIAL); counterfactual C1-C4 applied",4 CONDITIONAL cases might resolve with page_context; single-researcher; no live counterfactual,EVIDENCE_BOUNDARY_STRUCTURE_GATE,FALSE
RQ-04,Evidence Boundary has cross-task commonality?,SUPPORTED,"3 tasks show same boundary mechanism: structural evidence → semantic identity gap; Task 1 (caption identity); Task 2 (column type identity); Task 3 (tick label identity); stable across 13 documents",Task 3 has 0 boundary cases (all G1/G2); convergence based on 2 tasks with boundary cases,None,FALSE
RQ-05,Evidence Boundary can be automatically detected by machine?,NOT_DEMONSTRATED,"No automatic detection mechanism exists; all 13 boundary classifications are manual researcher analysis; required semantic functions (CAPTION_IDENTITY etc.) have no implementation path","No inter-rater validation; no automated criteria; G4 consumer behavior NOT_OBSERVABLE",EVIDENCE_BOUNDARY_STRUCTURE_GATE,FALSE
RQ-06,G1-G5 generalizes to non-academic documents?,NOT_DEMONSTRATED,"All 149 cases are from arXiv-style scientific papers; 0 annual reports; 0 technical reports; 0 manuals; 0 business documents tested","Corpus limitation — no non-academic documents available in DICE research corpus",DOMAIN_GENERALIZATION_GATE,FALSE
RQ-07,Should Evidence Boundary Intelligence be implemented?,NOT_READY_FOR_IMPLEMENTATION,"Missing: non-academic validation; inter-rater reliability; automatic detection mechanism; semantic function implementation path; G4 observability; 4/13 boundary cases conditional","Fundamental evidence gaps prevent implementation readiness",DOMAIN_GENERALIZATION_GATE then EVIDENCE_BOUNDARY_STRUCTURE_GATE,FALSE
RQ-08,Minimum Sufficient Evidence can be defined object-independently?,PARTIALLY_SUPPORTED,"For structural claims: TARGET+REFERENCE+RELATION+CONTEXT (65 SUFFICIENT cases prove pattern); object-independent; task-stable","For semantic identity claims: no amount of structural evidence is sufficient (13 BOUNDARY cases prove ceiling)",EVIDENCE_BOUNDARY_STRUCTURE_GATE,FALSE
RQ-09,Evidence Boundary is distinguishable from G1-G5?,SUPPORTED,"G1-G3=INSUFFICIENT (not boundary); G4=INDETERMINATE (not boundary); G5=BOUNDARY; L5=SUFFICIENT; clean separation: 0 G1-G4 cases are boundary; 0 G5 cases are non-boundary; Evidence Boundary = G5",G4 (7 cases) INDETERMINATE — cannot confirm boundary vs non-boundary,None,FALSE
RQ-10,Should DICE be modified based on current findings?,NOT_SUPPORTED,"Framework stable (100% coverage); Evidence Boundary = G5 (already in framework); Minimum Sufficient Evidence already in E1 Pack; semantic boundary is legitimate Human judgment; G1-G4 fixes require IMPLEMENTATION (not authorized)","None — no modification warranted",None,FALSE
