case_id,source,document_id,document_type,problem_type,human_task,original_judgment,G1_G5,G1_G5_SECONDARY,available_evidence,organized_evidence,presented_evidence,consumer_received_evidence,human_sufficiency_status,supported_claim,unsupported_claim,boundary_status
IS11-AMB-135,G1G5_VALIDATION,is11_efficientnet,academic_paper_cs,table_column_boundary,T2_BOUNDARY_DECISION,system_fp,G4,G2,"YES (P1 text + P2 geometry: left_alignment_group=10, h_gap=30.02)",YES (evidence organized),YES (presented),NO (presented but consumer didn't use it),INDETERMINATE,Potentially a structural judgment (if consumer used evidence),Semantic identity (not supported by structural evidence alone),"NOT_BOUNDARY (consumer integration gap, not evidence boundary)"
IS11-AMB-130,G1G5_VALIDATION,is11_efficientnet,academic_paper_cs,table_header_boundary,T2_BOUNDARY_DECISION,ABSTAIN,G2,G4,"PARTIAL (P1 text, P2 geometry; TLD=0 tables)",NO (evidence exists but not organized into usable structure),PARTIAL (evidence not fully organized),NO/PARTIAL (not reached consumer),INSUFFICIENT,Nothing (evidence not organized into usable form),Structural judgment requiring organized evidence,NOT_BOUNDARY
IS11-AMB-262,G1G5_VALIDATION,is11_efficientnet,academic_paper_cs,table_column_boundary,T2_BOUNDARY_DECISION,ABSTAIN,G2,G4,"PARTIAL (P1 text, P2 geometry; TLD=0 tables)",NO (evidence exists but not organized into usable structure),PARTIAL (evidence not fully organized),NO/PARTIAL (not reached consumer),INSUFFICIENT,Nothing (evidence not organized into usable form),Structural judgment requiring organized evidence,NOT_BOUNDARY
IS11-AMB-313,G1G5_VALIDATION,is11_efficientnet,academic_paper_cs,table_header_boundary,T2_BOUNDARY_DECISION,ABSTAIN,G2,G4,"PARTIAL (P1 text, P2 geometry; TLD=0 tables)",NO (evidence exists but not organized into usable structure),PARTIAL (evidence not fully organized),NO/PARTIAL (not reached consumer),INSUFFICIENT,Nothing (evidence not organized into usable form),Structural judgment requiring organized evidence,NOT_BOUNDARY
IS11-AMB-375,G1G5_VALIDATION,is11_med_001,academic_paper_chemistry,prose_sentence_boundary,T2_BOUNDARY_DECISION,ABSTAIN,G5,G3,PARTIAL (P1 text; period+cap derivable),YES (evidence organized),YES (presented),YES (consumed but semantic interpretation needed),BOUNDARY,Text pair has period+capital boundary signal,Text pair is definitively sentence boundary vs reference continuation,CONDITIONAL_EVIDENCE_BOUNDARY
IS11-AMB-380,G1G5_VALIDATION,is11_med_001,academic_paper_chemistry,figure_label_boundary,T1_STRUCTURAL_ASSOCIATION,ABSTAIN,G2,,PARTIAL (P1 text; TLD=0 tables),NO (evidence exists but not organized into usable structure),PARTIAL (evidence not fully organized),NO/PARTIAL (not reached consumer),INSUFFICIENT,Nothing (evidence not organized into usable form),Structural judgment requiring organized evidence,NOT_BOUNDARY
IS11-AMB-401,G1G5_VALIDATION,is11_med_001,academic_paper_chemistry,figure_axis_tick,T1_STRUCTURAL_ASSOCIATION,ABSTAIN,G2,,PARTIAL (P1 text; TLD=0 tables),NO (evidence exists but not organized into usable structure),PARTIAL (evidence not fully organized),NO/PARTIAL (not reached consumer),INSUFFICIENT,Nothing (evidence not organized into usable form),Structural judgment requiring organized evidence,NOT_BOUNDARY
IS11-AMB-407,G1G5_VALIDATION,is11_med_001,academic_paper_chemistry,figure_axis_tick,T1_STRUCTURAL_ASSOCIATION,ABSTAIN,G2,,PARTIAL (P1 text; TLD=0 tables),NO (evidence exists but not organized into usable structure),PARTIAL (evidence not fully organized),NO/PARTIAL (not reached consumer),INSUFFICIENT,Nothing (evidence not organized into usable form),Structural judgment requiring organized evidence,NOT_BOUNDARY
IS11-AMB-409,G1G5_VALIDATION,is11_med_001,academic_paper_chemistry,figure_axis_tick,T1_STRUCTURAL_ASSOCIATION,ABSTAIN,G2,,PARTIAL (P1 text; TLD=0 tables),NO (evidence exists but not organized into usable structure),PARTIAL (evidence not fully organized),NO/PARTIAL (not reached consumer),INSUFFICIENT,Nothing (evidence not organized into usable form),Structural judgment requiring organized evidence,NOT_BOUNDARY
IS11-AMB-414,G1G5_VALIDATION,is11_med_001,academic_paper_chemistry,figure_caption_association,T1_STRUCTURAL_ASSOCIATION,MERGE,G2,G4,PARTIAL (P1 text: FIG prefix; P2 geometry: h_gap=18.11; NTB=0 vector),NO (evidence exists but not organized into usable structure),PARTIAL (evidence not fully organized),NO/PARTIAL (not reached consumer),INSUFFICIENT,Nothing (evidence not organized into usable form),Structural judgment requiring organized evidence,NOT_BOUNDARY
IS11-AMB-418,G1G5_VALIDATION,is11_med_001,academic_paper_chemistry,prose_sentence_boundary,T2_BOUNDARY_DECISION,ABSTAIN,G5,G3,PARTIAL (P1 text; period+cap),YES (evidence organized),YES (presented),YES (consumed but semantic interpretation needed),BOUNDARY,Text pair has period+capital boundary signal,Text pair is definitively sentence boundary vs reference continuation,CONDITIONAL_EVIDENCE_BOUNDARY
IS11-AMB-422,G1G5_VALIDATION,is11_med_001,academic_paper_chemistry,figure_caption_association,T1_STRUCTURAL_ASSOCIATION,MERGE,G2,G4,PARTIAL (P1 text: FIG prefix; P2 geometry: h_gap=10.47; NTB=0 vector),NO (evidence exists but not organized into usable structure),PARTIAL (evidence not fully organized),NO/PARTIAL (not reached consumer),INSUFFICIENT,Nothing (evidence not organized into usable form),Structural judgment requiring organized evidence,NOT_BOUNDARY
IS11-AMB-457,G1G5_VALIDATION,is11_cs_001,academic_paper_nlp,table_header_boundary,T2_BOUNDARY_DECISION,ABSTAIN,G2,G4,PARTIAL (P1 text; TLD detected table but candidates outside bbox),NO (evidence exists but not organized into usable structure),PARTIAL (evidence not fully organized),NO/PARTIAL (not reached consumer),INSUFFICIENT,Nothing (evidence not organized into usable form),Structural judgment requiring organized evidence,NOT_BOUNDARY
IS11-AMB-462,G1G5_VALIDATION,is11_cs_001,academic_paper_nlp,table_header_boundary,T2_BOUNDARY_DECISION,ABSTAIN,G2,G4,PARTIAL (P1 text; TLD detected wrong table),NO (evidence exists but not organized into usable structure),PARTIAL (evidence not fully organized),NO/PARTIAL (not reached consumer),INSUFFICIENT,Nothing (evidence not organized into usable form),Structural judgment requiring organized evidence,NOT_BOUNDARY
IS11-AMB-467,G1G5_VALIDATION,is11_cs_001,academic_paper_nlp,table_column_boundary,T2_BOUNDARY_DECISION,ABSTAIN,G2,G4,PARTIAL (P1 text; TLD detected table but candidates outside bbox),NO (evidence exists but not organized into usable structure),PARTIAL (evidence not fully organized),NO/PARTIAL (not reached consumer),INSUFFICIENT,Nothing (evidence not organized into usable form),Structural judgment requiring organized evidence,NOT_BOUNDARY
IS11-AMB-483,G1G5_VALIDATION,is11_cs_001,academic_paper_nlp,table_column_boundary,T2_BOUNDARY_DECISION,ABSTAIN,G2,G4,PARTIAL (P1 text; TLD detected table but candidates outside bbox),NO (evidence exists but not organized into usable structure),PARTIAL (evidence not fully organized),NO/PARTIAL (not reached consumer),INSUFFICIENT,Nothing (evidence not organized into usable form),Structural judgment requiring organized evidence,NOT_BOUNDARY
IS11-AMB-505,G1G5_VALIDATION,is11_cs_001,academic_paper_nlp,table_column_boundary,T2_BOUNDARY_DECISION,ABSTAIN,G2,G4,PARTIAL (P1 text; TLD detected table but candidates outside bbox),NO (evidence exists but not organized into usable structure),PARTIAL (evidence not fully organized),NO/PARTIAL (not reached consumer),INSUFFICIENT,Nothing (evidence not organized into usable form),Structural judgment requiring organized evidence,NOT_BOUNDARY
IS11-AMB-514,G1G5_VALIDATION,is11_cs_001,academic_paper_nlp,table_column_boundary,T2_BOUNDARY_DECISION,ABSTAIN,G2,G4,PARTIAL (P1 text; TLD detected table but candidates outside bbox),NO (evidence exists but not organized into usable structure),PARTIAL (evidence not fully organized),NO/PARTIAL (not reached consumer),INSUFFICIENT,Nothing (evidence not organized into usable form),Structural judgment requiring organized evidence,NOT_BOUNDARY
IS11-AMB-519,G1G5_VALIDATION,is11_cs_001,academic_paper_nlp,prose_sentence_boundary,T2_BOUNDARY_DECISION,ABSTAIN,G5,G3,PARTIAL (P1 text; period+cap),YES (evidence organized),YES (presented),YES (consumed but semantic interpretation needed),BOUNDARY,Text pair has period+capital boundary signal,Text pair is definitively sentence boundary vs reference continuation,CONDITIONAL_EVIDENCE_BOUNDARY
IS11-AMB-005,G1G5_VALIDATION,is11_resnet,academic_paper_cs,prose_sentence_boundary,T2_BOUNDARY_DECISION,human_disagreement (system resolved),G5,G3,YES (TLD correct: different_cell=True; period+cap),YES (evidence organized),YES (presented),YES (consumed but semantic interpretation needed),BOUNDARY,Text pair has period+capital boundary signal,Text pair is definitively sentence boundary vs reference continuation,CONDITIONAL_EVIDENCE_BOUNDARY
IS11-AMB-024,G1G5_VALIDATION,is11_resnet,academic_paper_cs,table_column_boundary,T2_BOUNDARY_DECISION,resolved (TLD correct),G3,G4,YES (TLD: different_cell=True),YES (evidence organized),NO (organized but not presented to Human/consumer),NO/PARTIAL (not reached consumer),INSUFFICIENT,Nothing (evidence not presented to consumer),Judgment requiring the un-presented evidence,NOT_BOUNDARY
IS11-AMB-034,G1G5_VALIDATION,is11_resnet,academic_paper_cs,table_column_boundary,T2_BOUNDARY_DECISION,resolved (TLD correct),G3,G4,YES (TLD: different_cell=True),YES (evidence organized),NO (organized but not presented to Human/consumer),NO/PARTIAL (not reached consumer),INSUFFICIENT,Nothing (evidence not presented to consumer),Judgment requiring the un-presented evidence,NOT_BOUNDARY
IS11-AMB-074,G1G5_VALIDATION,is11_resnet,academic_paper_cs,table_column_boundary,T2_BOUNDARY_DECISION,resolved (TLD correct),G3,G4,YES (TLD: different_cell=True),YES (evidence organized),NO (organized but not presented to Human/consumer),NO/PARTIAL (not reached consumer),INSUFFICIENT,Nothing (evidence not presented to consumer),Judgment requiring the un-presented evidence,NOT_BOUNDARY
IS11-AMB-346,G1G5_VALIDATION,is11_efficientnet,academic_paper_cs,table_column_boundary,T2_BOUNDARY_DECISION,resolved (TLD correct),G3,G4,YES (TLD: different_cell=True),YES (evidence organized),NO (organized but not presented to Human/consumer),NO/PARTIAL (not reached consumer),INSUFFICIENT,Nothing (evidence not presented to consumer),Judgment requiring the un-presented evidence,NOT_BOUNDARY
IS11-AMB-350,G1G5_VALIDATION,is11_efficientnet,academic_paper_cs,table_column_boundary,T2_BOUNDARY_DECISION,resolved (TLD correct),G3,G4,YES (TLD: different_cell=True),YES (evidence organized),NO (organized but not presented to Human/consumer),NO/PARTIAL (not reached consumer),INSUFFICIENT,Nothing (evidence not presented to consumer),Judgment requiring the un-presented evidence,NOT_BOUNDARY
IS11-AMB-522,G1G5_VALIDATION,is11_cs_001,academic_paper_nlp,table_header_boundary,T2_BOUNDARY_DECISION,resolved (TLD correct),G3,G4,YES (TLD: different_cell=True),YES (evidence organized),NO (organized but not presented to Human/consumer),NO/PARTIAL (not reached consumer),INSUFFICIENT,Nothing (evidence not presented to consumer),Judgment requiring the un-presented evidence,NOT_BOUNDARY
IS11-AMB-530,G1G5_VALIDATION,is11_cs_001,academic_paper_nlp,table_column_boundary,T2_BOUNDARY_DECISION,resolved (TLD correct),G3,G4,YES (TLD: different_cell=True),YES (evidence organized),NO (organized but not presented to Human/consumer),NO/PARTIAL (not reached consumer),INSUFFICIENT,Nothing (evidence not presented to consumer),Judgment requiring the un-presented evidence,NOT_BOUNDARY
IS11-AMB-032,G1G5_VALIDATION,is11_resnet,academic_paper_cs,table_column_boundary,T2_BOUNDARY_DECISION,"resolved (TLD correct, P722 UNKNOWN)",G3,G4,YES (TLD: different_cell=True; but P722 participant couldn't verify from geometr,YES (evidence organized),NO (organized but not presented to Human/consumer),NO/PARTIAL (not reached consumer),INSUFFICIENT,Nothing (evidence not presented to consumer),Judgment requiring the un-presented evidence,NOT_BOUNDARY
IS11-AMB-052,G1G5_VALIDATION,is11_resnet,academic_paper_cs,table_column_boundary,T2_BOUNDARY_DECISION,resolved (baseline B),G2,G4,"PARTIAL (TLD=0 tables, but IS-01/IS-02 resolved)",NO (evidence exists but not organized into usable structure),PARTIAL (evidence not fully organized),NO/PARTIAL (not reached consumer),INSUFFICIENT,Nothing (evidence not organized into usable form),Structural judgment requiring organized evidence,NOT_BOUNDARY
IS11-AMB-163,G1G5_VALIDATION,is11_efficientnet,academic_paper_cs,table_column_boundary,T2_BOUNDARY_DECISION,resolved (baseline B),G2,G4,PARTIAL (TLD=0 tables),NO (evidence exists but not organized into usable structure),PARTIAL (evidence not fully organized),NO/PARTIAL (not reached consumer),INSUFFICIENT,Nothing (evidence not organized into usable form),Structural judgment requiring organized evidence,NOT_BOUNDARY
IS11-AMB-267,G1G5_VALIDATION,is11_efficientnet,academic_paper_cs,table_column_boundary,T2_BOUNDARY_DECISION,resolved (baseline B),G2,G4,PARTIAL (TLD=0 tables),NO (evidence exists but not organized into usable structure),PARTIAL (evidence not fully organized),NO/PARTIAL (not reached consumer),INSUFFICIENT,Nothing (evidence not organized into usable form),Structural judgment requiring organized evidence,NOT_BOUNDARY
IS11-AMB-318,G1G5_VALIDATION,is11_efficientnet,academic_paper_cs,table_column_boundary,T2_BOUNDARY_DECISION,resolved (baseline B),G2,G4,PARTIAL (TLD=0 tables),NO (evidence exists but not organized into usable structure),PARTIAL (evidence not fully organized),NO/PARTIAL (not reached consumer),INSUFFICIENT,Nothing (evidence not organized into usable form),Structural judgment requiring organized evidence,NOT_BOUNDARY
P3-INCIDENT-1,G1G5_VALIDATION,PH3-MED-001,academic_paper_medical_physics,figure_axis_tick_detection,T1_STRUCTURAL_ASSOCIATION,implementation_error (OBS-C bug),G2,,YES (ground-truth ticks 0.70/0.75/0.80/0.85/0.90),NO (evidence exists but not organized into usable structure),PARTIAL (evidence not fully organized),NO/PARTIAL (not reached consumer),INSUFFICIENT,Nothing (evidence not organized into usable form),Structural judgment requiring organized evidence,NOT_BOUNDARY
P3-AMB-018,G1G5_VALIDATION,PH3-ASTRO-001,academic_paper_astrophysics,header_contamination_table_fp,T2_BOUNDARY_DECISION,IS-11 over-detection (header as table row),G2,,YES (P1 text: letter-spaced header; P2 geometry: page-top y),NO (evidence exists but not organized into usable structure),PARTIAL (evidence not fully organized),NO/PARTIAL (not reached consumer),INSUFFICIENT,Nothing (evidence not organized into usable form),Structural judgment requiring organized evidence,NOT_BOUNDARY
P3-AMB-019,G1G5_VALIDATION,PH3-ASTRO-001,academic_paper_astrophysics,header_contamination_table_fp,T2_BOUNDARY_DECISION,IS-11 over-detection (header as table row),G2,,YES (P1 text: letter-spaced header; P2 geometry: page-top y),NO (evidence exists but not organized into usable structure),PARTIAL (evidence not fully organized),NO/PARTIAL (not reached consumer),INSUFFICIENT,Nothing (evidence not organized into usable form),Structural judgment requiring organized evidence,NOT_BOUNDARY
P3-AMB-089,G1G5_VALIDATION,PH3-EARTH-001,academic_paper_astrophysics,author_affiliation_table_fp,T2_BOUNDARY_DECISION,IS-11 over-detection (affiliation as table),G2,,YES (P1 text: author affiliation),NO (evidence exists but not organized into usable structure),PARTIAL (evidence not fully organized),NO/PARTIAL (not reached consumer),INSUFFICIENT,Nothing (evidence not organized into usable form),Structural judgment requiring organized evidence,NOT_BOUNDARY
P3-CV-FAIL,G1G5_VALIDATION,PH3-EARTH-002,academic_paper_earth_science,tick_run_definition_boundary,T3_GRAPHIC_CONTEXT,coverage limitation (variable-width CV>0.15),G1,,YES (center-CV measurement on axis labels),NO (nothing to organize),PARTIAL (evidence not fully organized),NO/PARTIAL (not reached consumer),INSUFFICIENT,Nothing (observation missing),Any judgment requiring the missing observation,NOT_BOUNDARY
P3-RASTER-1,G1G5_VALIDATION,PH3-ASTRO-001,academic_paper_astrophysics,raster_figure_text_invisible,T3_GRAPHIC_CONTEXT,coverage limitation (raster figures),G1,,PARTIAL (image blocks detected but text embedded in raster),NO (nothing to organize),PARTIAL (evidence not fully organized),NO/PARTIAL (not reached consumer),INSUFFICIENT,Nothing (observation missing),Any judgment requiring the missing observation,NOT_BOUNDARY
P3-RASTER-2,G1G5_VALIDATION,PH3-EARTH-001,academic_paper_astrophysics,raster_figure_text_invisible,T3_GRAPHIC_CONTEXT,coverage limitation (raster figures),G1,,PARTIAL (image blocks detected but text embedded in raster),NO (nothing to organize),PARTIAL (evidence not fully organized),NO/PARTIAL (not reached consumer),INSUFFICIENT,Nothing (observation missing),Any judgment requiring the missing observation,NOT_BOUNDARY
P3-CAPTION-REPR,G1G5_VALIDATION,all_5_docs,academic_paper_mixed,caption_representation_mismatch,T3_GRAPHIC_CONTEXT,coverage limitation (93.7% absorbed by P4 merge),G1,,"YES (full scan, page-cache deterministic)",NO (nothing to organize),PARTIAL (evidence not fully organized),NO/PARTIAL (not reached consumer),INSUFFICIENT,Nothing (observation missing),Any judgment requiring the missing observation,NOT_BOUNDARY
P3-TICK-REPR,G1G5_VALIDATION,PH3-EARTH-002,academic_paper_earth_science,tick_representation_mismatch,T3_GRAPHIC_CONTEXT,coverage limitation (6.8% pass CV threshold),G1,,YES (full-scan tick-pair gap distribution),NO (nothing to organize),PARTIAL (evidence not fully organized),NO/PARTIAL (not reached consumer),INSUFFICIENT,Nothing (observation missing),Any judgment requiring the missing observation,NOT_BOUNDARY
P3-GC1-FAIL,G1G5_VALIDATION,all_5_docs,academic_paper_mixed,corpus_sufficiency_fail,T3_GRAPHIC_CONTEXT,pre-condition FAIL (3 figure-context < 15 required),G1,,"YES (sampling_manifest, gc1_count)",NO (nothing to organize),PARTIAL (evidence not fully organized),NO/PARTIAL (not reached consumer),INSUFFICIENT,Nothing (observation missing),Any judgment requiring the missing observation,NOT_BOUNDARY
P3-CONCENTRATION,G1G5_VALIDATION,PH3-EARTH-002,academic_paper_earth_science,single_document_dominance,T_OTHER,coverage limitation (96.2% from GraphCast),G1,,YES (universe scan by document/page),NO (nothing to organize),PARTIAL (evidence not fully organized),NO/PARTIAL (not reached consumer),INSUFFICIENT,Nothing (observation missing),Any judgment requiring the missing observation,NOT_BOUNDARY
IND-AMB-003,G1G5_VALIDATION,ind_arxiv_2402,academic_paper_cs,reference_list_continuation,T2_BOUNDARY_DECISION,MERGE,G3,G5,PARTIAL (period+cap; page_context exists in P7 but not in Evidence Pack),YES (evidence organized),NO (organized but not presented to Human/consumer),NO/PARTIAL (not reached consumer),INSUFFICIENT,Nothing (evidence not presented to consumer),Judgment requiring the un-presented evidence,NOT_BOUNDARY
IND-AMB-002,G1G5_VALIDATION,ind_arxiv_2402,academic_paper_cs,reference_list_continuation,T2_BOUNDARY_DECISION,MERGE,G3,G5,PARTIAL (period+cap; page_context exists in P7 but not in Evidence Pack),YES (evidence organized),NO (organized but not presented to Human/consumer),NO/PARTIAL (not reached consumer),INSUFFICIENT,Nothing (evidence not presented to consumer),Judgment requiring the un-presented evidence,NOT_BOUNDARY
IND-AMB-052,G1G5_VALIDATION,ind_arxiv_bio2,academic_paper_biology,reference_list_author_title,T2_BOUNDARY_DECISION,MERGE,G3,G5,PARTIAL (period+cap; page_context shows reference list; author pattern),YES (evidence organized),NO (organized but not presented to Human/consumer),NO/PARTIAL (not reached consumer),INSUFFICIENT,Nothing (evidence not presented to consumer),Judgment requiring the un-presented evidence,NOT_BOUNDARY
IND-AMB-033,G1G5_VALIDATION,ind_arxiv_bio2,academic_paper_biology,reference_list_author_title,T2_BOUNDARY_DECISION,MERGE,G5,G3,PARTIAL (period+cap; page_context; BUT 'Le.' surname requires semantic knowledge,YES (evidence organized),YES (presented),YES (consumed but semantic interpretation needed),BOUNDARY,Text pair has period+capital boundary signal,Text pair is definitively sentence boundary vs reference continuation,CONFIRMED_EVIDENCE_BOUNDARY
IND-AMB-049,G1G5_VALIDATION,ind_arxiv_bio2,academic_paper_biology,reference_list_author_title,T2_BOUNDARY_DECISION,MERGE,G5,G3,PARTIAL (period+cap; page_context; 'Levine' more recognizable but still semantic,YES (evidence organized),YES (presented),YES (consumed but semantic interpretation needed),BOUNDARY,Text pair has period+capital boundary signal,Text pair is definitively sentence boundary vs reference continuation,CONFIRMED_EVIDENCE_BOUNDARY
IND-AMB-247,G1G5_VALIDATION,ind_qbio_rna,academic_paper_biology,table_cell_fp,T2_BOUNDARY_DECISION,MERGE,G4,G2,YES (P1 text; P2 geometry),YES (evidence organized),YES (presented),NO (presented but consumer didn't use it),INDETERMINATE,Potentially a structural judgment (if consumer used evidence),Semantic identity (not supported by structural evidence alone),"NOT_BOUNDARY (consumer integration gap, not evidence boundary)"
IND-AMB-223,G1G5_VALIDATION,ind_qbio_rna,academic_paper_biology,table_cell_fp,T2_BOUNDARY_DECISION,MERGE,G4,G2,YES (P1 text; P2 geometry),YES (evidence organized),YES (presented),NO (presented but consumer didn't use it),INDETERMINATE,Potentially a structural judgment (if consumer used evidence),Semantic identity (not supported by structural evidence alone),"NOT_BOUNDARY (consumer integration gap, not evidence boundary)"
IND-AMB-235,G1G5_VALIDATION,ind_qbio_rna,academic_paper_biology,table_cell_fp,T2_BOUNDARY_DECISION,MERGE,G4,G2,YES (P1 text; P2 geometry),YES (evidence organized),YES (presented),NO (presented but consumer didn't use it),INDETERMINATE,Potentially a structural judgment (if consumer used evidence),Semantic identity (not supported by structural evidence alone),"NOT_BOUNDARY (consumer integration gap, not evidence boundary)"
IND-AMB-201,G1G5_VALIDATION,ind_arxiv_2402,academic_paper_cs,body_text_citation_fn,T2_BOUNDARY_DECISION,MERGE,G4,,YES (P1 text),YES (evidence organized),YES (presented),NO (presented but consumer didn't use it),INDETERMINATE,Potentially a structural judgment (if consumer used evidence),Semantic identity (not supported by structural evidence alone),"NOT_BOUNDARY (consumer integration gap, not evidence boundary)"
IND-AMB-200,G1G5_VALIDATION,ind_arxiv_2402,academic_paper_cs,reference_list_citation_fn,T2_BOUNDARY_DECISION,MERGE,G4,,YES (P1 text),YES (evidence organized),YES (presented),NO (presented but consumer didn't use it),INDETERMINATE,Potentially a structural judgment (if consumer used evidence),Semantic identity (not supported by structural evidence alone),"NOT_BOUNDARY (consumer integration gap, not evidence boundary)"
MA-UNC-1,G1G5_VALIDATION,is11_efficientnet,academic_paper_cs,text_drawing_association,T1_STRUCTURAL_ASSOCIATION,UNCERTAIN,G1,,PARTIAL (P1 text: FIG prefix; DGF=4 page separators; DEF=0),NO (nothing to organize),PARTIAL (evidence not fully organized),NO/PARTIAL (not reached consumer),INSUFFICIENT,Nothing (observation missing),Any judgment requiring the missing observation,NOT_BOUNDARY
MA-UNC-2,G1G5_VALIDATION,arxiv_2402.18619,academic_paper_cs,text_drawing_association,T1_STRUCTURAL_ASSOCIATION,UNCERTAIN,G5,,"YES (extent exists; P1 text: ', with')",YES (evidence organized),YES (presented),YES (consumed but semantic interpretation needed),BOUNDARY,Text and Drawing have spatial/structural association,Text IS the semantic caption/label of this Drawing,CONFIRMED_EVIDENCE_BOUNDARY
MA-UNC-3,G1G5_VALIDATION,is11_med_001,academic_paper_chemistry,text_drawing_association,T1_STRUCTURAL_ASSOCIATION,UNCERTAIN,G1,,"NO (DGF=0, DEF=0, pure text page)",NO (nothing to organize),PARTIAL (evidence not fully organized),NO/PARTIAL (not reached consumer),INSUFFICIENT,Nothing (observation missing),Any judgment requiring the missing observation,NOT_BOUNDARY
MA-UNC-4,G1G5_VALIDATION,is11_efficientnet,academic_paper_cs,text_drawing_association,T1_STRUCTURAL_ASSOCIATION,UNCERTAIN,G2,,PARTIAL (DGF=233; DEF=0; aggregation gap),NO (evidence exists but not organized into usable structure),PARTIAL (evidence not fully organized),NO/PARTIAL (not reached consumer),INSUFFICIENT,Nothing (evidence not organized into usable form),Structural judgment requiring organized evidence,NOT_BOUNDARY
MA-UNC-5,G1G5_VALIDATION,arxiv_2402.18619,academic_paper_cs,text_drawing_association,T1_STRUCTURAL_ASSOCIATION,UNCERTAIN,G5,,YES (extent exists; P1 text: 'Fig.'; context: 'in Fig. 9'),YES (evidence organized),YES (presented),YES (consumed but semantic interpretation needed),BOUNDARY,Text and Drawing have spatial/structural association,Text IS the semantic caption/label of this Drawing,CONFIRMED_EVIDENCE_BOUNDARY
MA-UNC-6,G1G5_VALIDATION,arxiv_2402.18619,academic_paper_cs,text_drawing_association,T1_STRUCTURAL_ASSOCIATION,UNCERTAIN,G5,,YES (extent exists; P1 text: 'Fig.'; context: 'cf. Fig. 3b'),YES (evidence organized),YES (presented),YES (consumed but semantic interpretation needed),BOUNDARY,Text and Drawing have spatial/structural association,Text IS the semantic caption/label of this Drawing,CONFIRMED_EVIDENCE_BOUNDARY
MA-UNC-7,G1G5_VALIDATION,is11_resnet,academic_paper_cs,text_drawing_association,T1_STRUCTURAL_ASSOCIATION,UNCERTAIN,G5,,YES (extent exists; P1 text: 'Fig.'; context: 'in Fig. 3'),YES (evidence organized),YES (presented),YES (consumed but semantic interpretation needed),BOUNDARY,Text and Drawing have spatial/structural association,Text IS the semantic caption/label of this Drawing,CONFIRMED_EVIDENCE_BOUNDARY
MA-UNC-8,G1G5_VALIDATION,is11_med_001,academic_paper_chemistry,text_drawing_association,T1_STRUCTURAL_ASSOCIATION,UNCERTAIN,G3,,PARTIAL (DGF=12338; DEF=1; extent exists but not shown to Human in E0),YES (evidence organized),NO (organized but not presented to Human/consumer),NO/PARTIAL (not reached consumer),INSUFFICIENT,Nothing (evidence not presented to consumer),Judgment requiring the un-presented evidence,NOT_BOUNDARY
MA-UNC-9,G1G5_VALIDATION,arxiv_2402.18619,academic_paper_cs,text_drawing_association,T1_STRUCTURAL_ASSOCIATION,UNCERTAIN,G1,,"NO (DGF=0, DEF=0, pure text page)",NO (nothing to organize),PARTIAL (evidence not fully organized),NO/PARTIAL (not reached consumer),INSUFFICIENT,Nothing (observation missing),Any judgment requiring the missing observation,NOT_BOUNDARY
MA-UNC-10,G1G5_VALIDATION,is11_efficientnet,academic_paper_cs,text_drawing_association,T1_STRUCTURAL_ASSOCIATION,UNCERTAIN,G3,,YES (extent exists; P2 same_y reconstructs 'We omit ensemble...'),YES (evidence organized),NO (organized but not presented to Human/consumer),NO/PARTIAL (not reached consumer),INSUFFICIENT,Nothing (evidence not presented to consumer),Judgment requiring the un-presented evidence,NOT_BOUNDARY
MA-UNC-11,G1G5_VALIDATION,arxiv_2402.18619,academic_paper_cs,text_drawing_association,T1_STRUCTURAL_ASSOCIATION,UNCERTAIN,G5,,YES (extent exists; P1 text: 'scaling'),YES (evidence organized),YES (presented),YES (consumed but semantic interpretation needed),BOUNDARY,Text and Drawing have spatial/structural association,Text IS the semantic caption/label of this Drawing,CONFIRMED_EVIDENCE_BOUNDARY
MA-UNC-12,G1G5_VALIDATION,is11_resnet,academic_paper_cs,text_drawing_association,T1_STRUCTURAL_ASSOCIATION,UNCERTAIN,G2,,PARTIAL (DGF=53 table borders; DEF=0; correctly excluded),NO (evidence exists but not organized into usable structure),PARTIAL (evidence not fully organized),NO/PARTIAL (not reached consumer),INSUFFICIENT,Nothing (evidence not organized into usable form),Structural judgment requiring organized evidence,NOT_BOUNDARY
MA-UNC-13,G1G5_VALIDATION,is11_efficientnet,academic_paper_cs,text_drawing_association,T1_STRUCTURAL_ASSOCIATION,UNCERTAIN,G3,G5,"YES (DGF=141, DEF=2; extent exists but E0 Pack showed None)",YES (evidence organized),NO (organized but not presented to Human/consumer),NO/PARTIAL (not reached consumer),INSUFFICIENT,Nothing (evidence not presented to consumer),Judgment requiring the un-presented evidence,NOT_BOUNDARY
MA-UNC-14,G1G5_VALIDATION,is11_med_001,academic_paper_chemistry,text_drawing_association,T1_STRUCTURAL_ASSOCIATION,UNCERTAIN,G3,,"YES (extent exists; P2 same_y reconstructs 'CM(ϵ, max, ...)')",YES (evidence organized),NO (organized but not presented to Human/consumer),NO/PARTIAL (not reached consumer),INSUFFICIENT,Nothing (evidence not presented to consumer),Judgment requiring the un-presented evidence,NOT_BOUNDARY
PH02-RESEARCH-OBJECT-MISMATCH,G1G5_VALIDATION,is11_efficientnet,academic_paper_cs,column_membership_adjudication,T2_BOUNDARY_DECISION,hypothesis_rejected (whole-group-as-column INVALID),G4,G2,"YES (frozen left_alignment_group=10, but 10th member is prose token)",YES (evidence organized),YES (presented),NO (presented but consumer didn't use it),INDETERMINATE,Potentially a structural judgment (if consumer used evidence),Semantic identity (not supported by structural evidence alone),"NOT_BOUNDARY (consumer integration gap, not evidence boundary)"
PH02-SPECIFICITY-VALUE-COL,G1G5_VALIDATION,is11_resnet,academic_paper_cs,column_membership_specificity,T2_BOUNDARY_DECISION,fired-unchanged (value column indistinguishable from row-number column),G5,G4,"YES (7-member value column, ratio=1.04, near-perfect equidistance)",YES (evidence organized),YES (presented),YES (consumed but semantic interpretation needed),BOUNDARY,Numeric atoms form an aligned column,Column is specifically a row-number column (not a value column),CONFIRMED_EVIDENCE_BOUNDARY
PH02-SPECIFICITY-CS001,G1G5_VALIDATION,is11_cs_001,academic_paper_nlp,column_membership_specificity,T2_BOUNDARY_DECISION,"fired-unchanged (value column, not row-number)",G5,G4,"YES (7-member value column, ratio=1.49)",YES (evidence organized),YES (presented),YES (consumed but semantic interpretation needed),BOUNDARY,Numeric atoms form an aligned column,Column is specifically a row-number column (not a value column),CONFIRMED_EVIDENCE_BOUNDARY
is11_efficientnet_p4_55_218,MA_HUMAN_VALIDATION,is11_efficientnet,academic_paper,text_drawing_association,T1_STRUCTURAL_ASSOCIATION,yes,L5_SUFFICIENT,,YES (text + extent + spatial + context),YES (DEF extent formed),YES (E1 Pack complete),YES (Human made definitive judgment),SUFFICIENT,Definitive judgment (yes),Stronger semantic claim beyond the judgment,NOT_BOUNDARY
is11_efficientnet_p8_55_213,MA_HUMAN_VALIDATION,is11_efficientnet,academic_paper,text_drawing_association,T1_STRUCTURAL_ASSOCIATION,yes,L5_SUFFICIENT,,YES (text + extent + spatial + context),YES (DEF extent formed),YES (E1 Pack complete),YES (Human made definitive judgment),SUFFICIENT,Definitive judgment (yes),Stronger semantic claim beyond the judgment,NOT_BOUNDARY
is11_resnet_p6_478_168,MA_HUMAN_VALIDATION,is11_resnet,academic_paper,text_drawing_association,T1_STRUCTURAL_ASSOCIATION,yes,L5_SUFFICIENT,,YES (text + extent + spatial + context),YES (DEF extent formed),YES (E1 Pack complete),YES (Human made definitive judgment),SUFFICIENT,Definitive judgment (yes),Stronger semantic claim beyond the judgment,NOT_BOUNDARY
is11_med_001_p13_85_307,MA_HUMAN_VALIDATION,is11_med_001,academic_paper,text_drawing_association,T1_STRUCTURAL_ASSOCIATION,yes,L5_SUFFICIENT,,YES (text + extent + spatial + context),YES (DEF extent formed),YES (E1 Pack complete),YES (Human made definitive judgment),SUFFICIENT,Definitive judgment (yes),Stronger semantic claim beyond the judgment,NOT_BOUNDARY
is11_resnet_p2_87_158,MA_HUMAN_VALIDATION,is11_resnet,academic_paper,text_drawing_association,T1_STRUCTURAL_ASSOCIATION,yes,L5_SUFFICIENT,,YES (text + extent + spatial + context),YES (DEF extent formed),YES (E1 Pack complete),YES (Human made definitive judgment),SUFFICIENT,Definitive judgment (yes),Stronger semantic claim beyond the judgment,NOT_BOUNDARY
is11_efficientnet_p8_328_261,MA_HUMAN_VALIDATION,is11_efficientnet,academic_paper,text_drawing_association,T1_STRUCTURAL_ASSOCIATION,yes,L5_SUFFICIENT,,YES (text + extent + spatial + context),YES (DEF extent formed),YES (E1 Pack complete),YES (Human made definitive judgment),SUFFICIENT,Definitive judgment (yes),Stronger semantic claim beyond the judgment,NOT_BOUNDARY
is11_efficientnet_p3_319_69,MA_HUMAN_VALIDATION,is11_efficientnet,academic_paper,text_drawing_association,T1_STRUCTURAL_ASSOCIATION,uncertain,G2,,PARTIAL (text + primitives; no extent),NO (DEF=0),PARTIAL,PARTIAL,INSUFFICIENT,Nothing (evidence not organized into usable form),Structural judgment requiring organized evidence,NOT_BOUNDARY
arxiv_2402.18619_p15_498_182,MA_HUMAN_VALIDATION,arxiv_2402.18619,academic_paper,text_drawing_association,T1_STRUCTURAL_ASSOCIATION,uncertain,L5_SUFFICIENT,,YES (text + extent + spatial + context),YES (DEF extent formed),YES (E1 Pack complete),YES (Human made definitive judgment),INDETERMINATE,Unknown,Unknown,INDETERMINATE
is11_med_001_p16_85_484,MA_HUMAN_VALIDATION,is11_med_001,academic_paper,text_drawing_association,T1_STRUCTURAL_ASSOCIATION,yes,L5_SUFFICIENT,,YES (text + extent + spatial + context),YES (DEF extent formed),YES (E1 Pack complete),YES (Human made definitive judgment),SUFFICIENT,Definitive judgment (yes),Stronger semantic claim beyond the judgment,NOT_BOUNDARY
arxiv_2402.18619_p14_72_243,MA_HUMAN_VALIDATION,arxiv_2402.18619,academic_paper,text_drawing_association,T1_STRUCTURAL_ASSOCIATION,yes,L5_SUFFICIENT,,YES (text + extent + spatial + context),YES (DEF extent formed),YES (E1 Pack complete),YES (Human made definitive judgment),SUFFICIENT,Definitive judgment (yes),Stronger semantic claim beyond the judgment,NOT_BOUNDARY
arxiv_2402.18619_p17_184_561,MA_HUMAN_VALIDATION,arxiv_2402.18619,academic_paper,text_drawing_association,T1_STRUCTURAL_ASSOCIATION,yes,L5_SUFFICIENT,,YES (text + extent + spatial + context),YES (DEF extent formed),YES (E1 Pack complete),YES (Human made definitive judgment),SUFFICIENT,Definitive judgment (yes),Stronger semantic claim beyond the judgment,NOT_BOUNDARY
arxiv_2402.18619_p24_72_646,MA_HUMAN_VALIDATION,arxiv_2402.18619,academic_paper,text_drawing_association,T1_STRUCTURAL_ASSOCIATION,yes,L5_SUFFICIENT,,YES (text + extent + spatial + context),YES (DEF extent formed),YES (E1 Pack complete),YES (Human made definitive judgment),SUFFICIENT,Definitive judgment (yes),Stronger semantic claim beyond the judgment,NOT_BOUNDARY
is11_resnet_p8_50_328,MA_HUMAN_VALIDATION,is11_resnet,academic_paper,text_drawing_association,T1_STRUCTURAL_ASSOCIATION,yes,L5_SUFFICIENT,,YES (text + extent + spatial + context),YES (DEF extent formed),YES (E1 Pack complete),YES (Human made definitive judgment),SUFFICIENT,Definitive judgment (yes),Stronger semantic claim beyond the judgment,NOT_BOUNDARY
arxiv_2402.18619_p28_457_234,MA_HUMAN_VALIDATION,arxiv_2402.18619,academic_paper,text_drawing_association,T1_STRUCTURAL_ASSOCIATION,yes,L5_SUFFICIENT,,YES (text + extent + spatial + context),YES (DEF extent formed),YES (E1 Pack complete),YES (Human made definitive judgment),SUFFICIENT,Definitive judgment (yes),Stronger semantic claim beyond the judgment,NOT_BOUNDARY
arxiv_2402.18619_p17_121_581,MA_HUMAN_VALIDATION,arxiv_2402.18619,academic_paper,text_drawing_association,T1_STRUCTURAL_ASSOCIATION,yes,L5_SUFFICIENT,,YES (text + extent + spatial + context),YES (DEF extent formed),YES (E1 Pack complete),YES (Human made definitive judgment),SUFFICIENT,Definitive judgment (yes),Stronger semantic claim beyond the judgment,NOT_BOUNDARY
arxiv_2402.18619_p18_346_73,MA_HUMAN_VALIDATION,arxiv_2402.18619,academic_paper,text_drawing_association,T1_STRUCTURAL_ASSOCIATION,uncertain,L5_SUFFICIENT,,YES (text + extent + spatial + context),YES (DEF extent formed),YES (E1 Pack complete),YES (Human made definitive judgment),INDETERMINATE,Unknown,Unknown,INDETERMINATE
is11_efficientnet_p8_307_390,MA_HUMAN_VALIDATION,is11_efficientnet,academic_paper,text_drawing_association,T1_STRUCTURAL_ASSOCIATION,yes,L5_SUFFICIENT,,YES (text + extent + spatial + context),YES (DEF extent formed),YES (E1 Pack complete),YES (Human made definitive judgment),SUFFICIENT,Definitive judgment (yes),Stronger semantic claim beyond the judgment,NOT_BOUNDARY
arxiv_2402.18619_p28_479_214,MA_HUMAN_VALIDATION,arxiv_2402.18619,academic_paper,text_drawing_association,T1_STRUCTURAL_ASSOCIATION,yes,L5_SUFFICIENT,,YES (text + extent + spatial + context),YES (DEF extent formed),YES (E1 Pack complete),YES (Human made definitive judgment),SUFFICIENT,Definitive judgment (yes),Stronger semantic claim beyond the judgment,NOT_BOUNDARY
is11_efficientnet_p4_66_331,MA_HUMAN_VALIDATION,is11_efficientnet,academic_paper,text_drawing_association,T1_STRUCTURAL_ASSOCIATION,uncertain,L5_SUFFICIENT,,YES (text + extent + spatial + context),YES (DEF extent formed),YES (E1 Pack complete),YES (Human made definitive judgment),INDETERMINATE,Unknown,Unknown,INDETERMINATE
is11_cs_001_p5_292_225,MA_HUMAN_VALIDATION,is11_cs_001,academic_paper,text_drawing_association,T1_STRUCTURAL_ASSOCIATION,yes,L5_SUFFICIENT,,YES (text + extent + spatial + context),YES (DEF extent formed),YES (E1 Pack complete),YES (Human made definitive judgment),SUFFICIENT,Definitive judgment (yes),Stronger semantic claim beyond the judgment,NOT_BOUNDARY
is11_efficientnet_p6_511_629,MA_HUMAN_VALIDATION,is11_efficientnet,academic_paper,text_drawing_association,T1_STRUCTURAL_ASSOCIATION,yes,L5_SUFFICIENT,,YES (text + extent + spatial + context),YES (DEF extent formed),YES (E1 Pack complete),YES (Human made definitive judgment),SUFFICIENT,Definitive judgment (yes),Stronger semantic claim beyond the judgment,NOT_BOUNDARY
arxiv_2402.18619_p10_132_629,MA_HUMAN_VALIDATION,arxiv_2402.18619,academic_paper,text_drawing_association,T1_STRUCTURAL_ASSOCIATION,yes,L5_SUFFICIENT,,YES (text + extent + spatial + context),YES (DEF extent formed),YES (E1 Pack complete),YES (Human made definitive judgment),SUFFICIENT,Definitive judgment (yes),Stronger semantic claim beyond the judgment,NOT_BOUNDARY
is11_resnet_p1_309_305,MA_HUMAN_VALIDATION,is11_resnet,academic_paper,text_drawing_association,T1_STRUCTURAL_ASSOCIATION,yes,L5_SUFFICIENT,,YES (text + extent + spatial + context),YES (DEF extent formed),YES (E1 Pack complete),YES (Human made definitive judgment),SUFFICIENT,Definitive judgment (yes),Stronger semantic claim beyond the judgment,NOT_BOUNDARY
arxiv_2402.18619_p19_147_496,MA_HUMAN_VALIDATION,arxiv_2402.18619,academic_paper,text_drawing_association,T1_STRUCTURAL_ASSOCIATION,uncertain,L5_SUFFICIENT,,YES (text + extent + spatial + context),YES (DEF extent formed),YES (E1 Pack complete),YES (Human made definitive judgment),INDETERMINATE,Unknown,Unknown,INDETERMINATE
arxiv_2402.18619_p28_256_214,MA_HUMAN_VALIDATION,arxiv_2402.18619,academic_paper,text_drawing_association,T1_STRUCTURAL_ASSOCIATION,yes,L5_SUFFICIENT,,YES (text + extent + spatial + context),YES (DEF extent formed),YES (E1 Pack complete),YES (Human made definitive judgment),SUFFICIENT,Definitive judgment (yes),Stronger semantic claim beyond the judgment,NOT_BOUNDARY
arxiv_2402.18619_p12_180_706,MA_HUMAN_VALIDATION,arxiv_2402.18619,academic_paper,text_drawing_association,T1_STRUCTURAL_ASSOCIATION,yes,L5_SUFFICIENT,,YES (text + extent + spatial + context),YES (DEF extent formed),YES (E1 Pack complete),YES (Human made definitive judgment),SUFFICIENT,Definitive judgment (yes),Stronger semantic claim beyond the judgment,NOT_BOUNDARY
arxiv_2402.18619_p26_327_253,MA_HUMAN_VALIDATION,arxiv_2402.18619,academic_paper,text_drawing_association,T1_STRUCTURAL_ASSOCIATION,uncertain,L5_SUFFICIENT,,YES (text + extent + spatial + context),YES (DEF extent formed),YES (E1 Pack complete),YES (Human made definitive judgment),INDETERMINATE,Unknown,Unknown,INDETERMINATE
arxiv_2402.18619_p19_339_297,MA_HUMAN_VALIDATION,arxiv_2402.18619,academic_paper,text_drawing_association,T1_STRUCTURAL_ASSOCIATION,no,L5_SUFFICIENT,,YES (text + extent + spatial + context),YES (DEF extent formed),YES (E1 Pack complete),YES (Human made definitive judgment),SUFFICIENT,Definitive judgment (no),Stronger semantic claim beyond the judgment,NOT_BOUNDARY
is11_efficientnet_p8_467_415,MA_HUMAN_VALIDATION,is11_efficientnet,academic_paper,text_drawing_association,T1_STRUCTURAL_ASSOCIATION,no,L5_SUFFICIENT,,YES (text + extent + spatial + context),YES (DEF extent formed),YES (E1 Pack complete),YES (Human made definitive judgment),SUFFICIENT,Definitive judgment (no),Stronger semantic claim beyond the judgment,NOT_BOUNDARY
is11_efficientnet_p4_307_448,MA_HUMAN_VALIDATION,is11_efficientnet,academic_paper,text_drawing_association,T1_STRUCTURAL_ASSOCIATION,yes,L5_SUFFICIENT,,YES (text + extent + spatial + context),YES (DEF extent formed),YES (E1 Pack complete),YES (Human made definitive judgment),SUFFICIENT,Definitive judgment (yes),Stronger semantic claim beyond the judgment,NOT_BOUNDARY
arxiv_2402.18619_p18_432_93,MA_HUMAN_VALIDATION,arxiv_2402.18619,academic_paper,text_drawing_association,T1_STRUCTURAL_ASSOCIATION,yes,L5_SUFFICIENT,,YES (text + extent + spatial + context),YES (DEF extent formed),YES (E1 Pack complete),YES (Human made definitive judgment),SUFFICIENT,Definitive judgment (yes),Stronger semantic claim beyond the judgment,NOT_BOUNDARY
is11_cs_001_p4_108_225,MA_HUMAN_VALIDATION,is11_cs_001,academic_paper,text_drawing_association,T1_STRUCTURAL_ASSOCIATION,yes,L5_SUFFICIENT,,YES (text + extent + spatial + context),YES (DEF extent formed),YES (E1 Pack complete),YES (Human made definitive judgment),SUFFICIENT,Definitive judgment (yes),Stronger semantic claim beyond the judgment,NOT_BOUNDARY
is11_resnet_p6_309_157,MA_HUMAN_VALIDATION,is11_resnet,academic_paper,text_drawing_association,T1_STRUCTURAL_ASSOCIATION,yes,L5_SUFFICIENT,,YES (text + extent + spatial + context),YES (DEF extent formed),YES (E1 Pack complete),YES (Human made definitive judgment),SUFFICIENT,Definitive judgment (yes),Stronger semantic claim beyond the judgment,NOT_BOUNDARY
is11_resnet_p5_50_392,MA_HUMAN_VALIDATION,is11_resnet,academic_paper,text_drawing_association,T1_STRUCTURAL_ASSOCIATION,yes,L5_SUFFICIENT,,YES (text + extent + spatial + context),YES (DEF extent formed),YES (E1 Pack complete),YES (Human made definitive judgment),SUFFICIENT,Definitive judgment (yes),Stronger semantic claim beyond the judgment,NOT_BOUNDARY
arxiv_2402.18619_p28_207_82,MA_HUMAN_VALIDATION,arxiv_2402.18619,academic_paper,text_drawing_association,T1_STRUCTURAL_ASSOCIATION,yes,L5_SUFFICIENT,,YES (text + extent + spatial + context),YES (DEF extent formed),YES (E1 Pack complete),YES (Human made definitive judgment),SUFFICIENT,Definitive judgment (yes),Stronger semantic claim beyond the judgment,NOT_BOUNDARY
arxiv_2402.18619_p10_72_581,MA_HUMAN_VALIDATION,arxiv_2402.18619,academic_paper,text_drawing_association,T1_STRUCTURAL_ASSOCIATION,yes,L5_SUFFICIENT,,YES (text + extent + spatial + context),YES (DEF extent formed),YES (E1 Pack complete),YES (Human made definitive judgment),SUFFICIENT,Definitive judgment (yes),Stronger semantic claim beyond the judgment,NOT_BOUNDARY
is11_resnet_p4_309_134,MA_HUMAN_VALIDATION,is11_resnet,academic_paper,text_drawing_association,T1_STRUCTURAL_ASSOCIATION,yes,L5_SUFFICIENT,,YES (text + extent + spatial + context),YES (DEF extent formed),YES (E1 Pack complete),YES (Human made definitive judgment),SUFFICIENT,Definitive judgment (yes),Stronger semantic claim beyond the judgment,NOT_BOUNDARY
is11_efficientnet_p7_55_455,MA_HUMAN_VALIDATION,is11_efficientnet,academic_paper,text_drawing_association,T1_STRUCTURAL_ASSOCIATION,yes,L5_SUFFICIENT,,YES (text + extent + spatial + context),YES (DEF extent formed),YES (E1 Pack complete),YES (Human made definitive judgment),SUFFICIENT,Definitive judgment (yes),Stronger semantic claim beyond the judgment,NOT_BOUNDARY
is11_cs_001_p5_108_225,MA_HUMAN_VALIDATION,is11_cs_001,academic_paper,text_drawing_association,T1_STRUCTURAL_ASSOCIATION,yes,L5_SUFFICIENT,,YES (text + extent + spatial + context),YES (DEF extent formed),YES (E1 Pack complete),YES (Human made definitive judgment),SUFFICIENT,Definitive judgment (yes),Stronger semantic claim beyond the judgment,NOT_BOUNDARY
arxiv_2402.18619_p28_458_160,MA_HUMAN_VALIDATION,arxiv_2402.18619,academic_paper,text_drawing_association,T1_STRUCTURAL_ASSOCIATION,yes,L5_SUFFICIENT,,YES (text + extent + spatial + context),YES (DEF extent formed),YES (E1 Pack complete),YES (Human made definitive judgment),SUFFICIENT,Definitive judgment (yes),Stronger semantic claim beyond the judgment,NOT_BOUNDARY
is11_resnet_p4_464_620,MA_HUMAN_VALIDATION,is11_resnet,academic_paper,text_drawing_association,T1_STRUCTURAL_ASSOCIATION,uncertain,L5_SUFFICIENT,,YES (text + extent + spatial + context),YES (DEF extent formed),YES (E1 Pack complete),YES (Human made definitive judgment),INDETERMINATE,Unknown,Unknown,INDETERMINATE
is11_med_001_p9_85_321,MA_HUMAN_VALIDATION,is11_med_001,academic_paper,text_drawing_association,T1_STRUCTURAL_ASSOCIATION,yes,L5_SUFFICIENT,,YES (text + extent + spatial + context),YES (DEF extent formed),YES (E1 Pack complete),YES (Human made definitive judgment),SUFFICIENT,Definitive judgment (yes),Stronger semantic claim beyond the judgment,NOT_BOUNDARY
is11_med_001_p19_85_454,MA_HUMAN_VALIDATION,is11_med_001,academic_paper,text_drawing_association,T1_STRUCTURAL_ASSOCIATION,yes,L5_SUFFICIENT,,YES (text + extent + spatial + context),YES (DEF extent formed),YES (E1 Pack complete),YES (Human made definitive judgment),SUFFICIENT,Definitive judgment (yes),Stronger semantic claim beyond the judgment,NOT_BOUNDARY
is11_med_001_p20_85_340,MA_HUMAN_VALIDATION,is11_med_001,academic_paper,text_drawing_association,T1_STRUCTURAL_ASSOCIATION,yes,L5_SUFFICIENT,,YES (text + extent + spatial + context),YES (DEF extent formed),YES (E1 Pack complete),YES (Human made definitive judgment),SUFFICIENT,Definitive judgment (yes),Stronger semantic claim beyond the judgment,NOT_BOUNDARY
is11_med_001_p18_325_655,MA_HUMAN_VALIDATION,is11_med_001,academic_paper,text_drawing_association,T1_STRUCTURAL_ASSOCIATION,uncertain,G1,,NO (text only; DGF=0),NO,PARTIAL,PARTIAL,INSUFFICIENT,Nothing (observation missing),Any judgment requiring the missing observation,NOT_BOUNDARY
arxiv_2402.18619_p28_152_82,MA_HUMAN_VALIDATION,arxiv_2402.18619,academic_paper,text_drawing_association,T1_STRUCTURAL_ASSOCIATION,yes,L5_SUFFICIENT,,YES (text + extent + spatial + context),YES (DEF extent formed),YES (E1 Pack complete),YES (Human made definitive judgment),SUFFICIENT,Definitive judgment (yes),Stronger semantic claim beyond the judgment,NOT_BOUNDARY
is11_med_001_p11_85_291,MA_HUMAN_VALIDATION,is11_med_001,academic_paper,text_drawing_association,T1_STRUCTURAL_ASSOCIATION,yes,L5_SUFFICIENT,,YES (text + extent + spatial + context),YES (DEF extent formed),YES (E1 Pack complete),YES (Human made definitive judgment),SUFFICIENT,Definitive judgment (yes),Stronger semantic claim beyond the judgment,NOT_BOUNDARY
is11_efficientnet_p2_158_372,MA_HUMAN_VALIDATION,is11_efficientnet,academic_paper,text_drawing_association,T1_STRUCTURAL_ASSOCIATION,uncertain,G2,,PARTIAL (text + primitives; no extent),NO (DEF=0),PARTIAL,PARTIAL,INSUFFICIENT,Nothing (evidence not organized into usable form),Structural judgment requiring organized evidence,NOT_BOUNDARY
is11_efficientnet_p6_307_629,MA_HUMAN_VALIDATION,is11_efficientnet,academic_paper,text_drawing_association,T1_STRUCTURAL_ASSOCIATION,yes,L5_SUFFICIENT,,YES (text + extent + spatial + context),YES (DEF extent formed),YES (E1 Pack complete),YES (Human made definitive judgment),SUFFICIENT,Definitive judgment (yes),Stronger semantic claim beyond the judgment,NOT_BOUNDARY
arxiv_2402.18619_p18_134_293,MA_HUMAN_VALIDATION,arxiv_2402.18619,academic_paper,text_drawing_association,T1_STRUCTURAL_ASSOCIATION,yes,L5_SUFFICIENT,,YES (text + extent + spatial + context),YES (DEF extent formed),YES (E1 Pack complete),YES (Human made definitive judgment),SUFFICIENT,Definitive judgment (yes),Stronger semantic claim beyond the judgment,NOT_BOUNDARY
is11_med_001_p15_498_107,MA_HUMAN_VALIDATION,is11_med_001,academic_paper,text_drawing_association,T1_STRUCTURAL_ASSOCIATION,uncertain,L5_SUFFICIENT,,YES (text + extent + spatial + context),YES (DEF extent formed),YES (E1 Pack complete),YES (Human made definitive judgment),INDETERMINATE,Unknown,Unknown,INDETERMINATE
arxiv_2402.18619_p28_107_234,MA_HUMAN_VALIDATION,arxiv_2402.18619,academic_paper,text_drawing_association,T1_STRUCTURAL_ASSOCIATION,yes,L5_SUFFICIENT,,YES (text + extent + spatial + context),YES (DEF extent formed),YES (E1 Pack complete),YES (Human made definitive judgment),SUFFICIENT,Definitive judgment (yes),Stronger semantic claim beyond the judgment,NOT_BOUNDARY
is11_efficientnet_p6_79_415,MA_HUMAN_VALIDATION,is11_efficientnet,academic_paper,text_drawing_association,T1_STRUCTURAL_ASSOCIATION,uncertain,L5_SUFFICIENT,,YES (text + extent + spatial + context),YES (DEF extent formed),YES (E1 Pack complete),YES (Human made definitive judgment),INDETERMINATE,Unknown,Unknown,INDETERMINATE
is11_efficientnet_p1_307_364,MA_HUMAN_VALIDATION,is11_efficientnet,academic_paper,text_drawing_association,T1_STRUCTURAL_ASSOCIATION,yes,L5_SUFFICIENT,,YES (text + extent + spatial + context),YES (DEF extent formed),YES (E1 Pack complete),YES (Human made definitive judgment),SUFFICIENT,Definitive judgment (yes),Stronger semantic claim beyond the judgment,NOT_BOUNDARY
arxiv_2402.18619_p10_183_252,MA_HUMAN_VALIDATION,arxiv_2402.18619,academic_paper,text_drawing_association,T1_STRUCTURAL_ASSOCIATION,yes,L5_SUFFICIENT,,YES (text + extent + spatial + context),YES (DEF extent formed),YES (E1 Pack complete),YES (Human made definitive judgment),SUFFICIENT,Definitive judgment (yes),Stronger semantic claim beyond the judgment,NOT_BOUNDARY
is11_med_001_p15_85_574,MA_HUMAN_VALIDATION,is11_med_001,academic_paper,text_drawing_association,T1_STRUCTURAL_ASSOCIATION,yes,L5_SUFFICIENT,,YES (text + extent + spatial + context),YES (DEF extent formed),YES (E1 Pack complete),YES (Human made definitive judgment),SUFFICIENT,Definitive judgment (yes),Stronger semantic claim beyond the judgment,NOT_BOUNDARY
arxiv_2402.18619_p19_72_733,MA_HUMAN_VALIDATION,arxiv_2402.18619,academic_paper,text_drawing_association,T1_STRUCTURAL_ASSOCIATION,yes,L5_SUFFICIENT,,YES (text + extent + spatial + context),YES (DEF extent formed),YES (E1 Pack complete),YES (Human made definitive judgment),SUFFICIENT,Definitive judgment (yes),Stronger semantic claim beyond the judgment,NOT_BOUNDARY
is11_efficientnet_p4_188_461,MA_HUMAN_VALIDATION,is11_efficientnet,academic_paper,text_drawing_association,T1_STRUCTURAL_ASSOCIATION,no,L5_SUFFICIENT,,YES (text + extent + spatial + context),YES (DEF extent formed),YES (E1 Pack complete),YES (Human made definitive judgment),SUFFICIENT,Definitive judgment (no),Stronger semantic claim beyond the judgment,NOT_BOUNDARY
arxiv_2402.18619_p28_152_95,MA_HUMAN_VALIDATION,arxiv_2402.18619,academic_paper,text_drawing_association,T1_STRUCTURAL_ASSOCIATION,yes,L5_SUFFICIENT,,YES (text + extent + spatial + context),YES (DEF extent formed),YES (E1 Pack complete),YES (Human made definitive judgment),SUFFICIENT,Definitive judgment (yes),Stronger semantic claim beyond the judgment,NOT_BOUNDARY
is11_med_001_p8_85_211,MA_HUMAN_VALIDATION,is11_med_001,academic_paper,text_drawing_association,T1_STRUCTURAL_ASSOCIATION,yes,L5_SUFFICIENT,,YES (text + extent + spatial + context),YES (DEF extent formed),YES (E1 Pack complete),YES (Human made definitive judgment),SUFFICIENT,Definitive judgment (yes),Stronger semantic claim beyond the judgment,NOT_BOUNDARY
is11_med_001_p23_85_395,MA_HUMAN_VALIDATION,is11_med_001,academic_paper,text_drawing_association,T1_STRUCTURAL_ASSOCIATION,yes,L5_SUFFICIENT,,YES (text + extent + spatial + context),YES (DEF extent formed),YES (E1 Pack complete),YES (Human made definitive judgment),SUFFICIENT,Definitive judgment (yes),Stronger semantic claim beyond the judgment,NOT_BOUNDARY
is11_resnet_p4_50_633,MA_HUMAN_VALIDATION,is11_resnet,academic_paper,text_drawing_association,T1_STRUCTURAL_ASSOCIATION,yes,L5_SUFFICIENT,,YES (text + extent + spatial + context),YES (DEF extent formed),YES (E1 Pack complete),YES (Human made definitive judgment),SUFFICIENT,Definitive judgment (yes),Stronger semantic claim beyond the judgment,NOT_BOUNDARY
arxiv_2402.18619_p17_72_184,MA_HUMAN_VALIDATION,arxiv_2402.18619,academic_paper,text_drawing_association,T1_STRUCTURAL_ASSOCIATION,yes,L5_SUFFICIENT,,YES (text + extent + spatial + context),YES (DEF extent formed),YES (E1 Pack complete),YES (Human made definitive judgment),SUFFICIENT,Definitive judgment (yes),Stronger semantic claim beyond the judgment,NOT_BOUNDARY
is11_resnet_p7_321_545,MA_HUMAN_VALIDATION,is11_resnet,academic_paper,text_drawing_association,T1_STRUCTURAL_ASSOCIATION,uncertain,G2,,PARTIAL (text + primitives; no extent),NO (DEF=0),PARTIAL,PARTIAL,INSUFFICIENT,Nothing (evidence not organized into usable form),Structural judgment requiring organized evidence,NOT_BOUNDARY
arxiv_2402.18619_p11_72_651,MA_HUMAN_VALIDATION,arxiv_2402.18619,academic_paper,text_drawing_association,T1_STRUCTURAL_ASSOCIATION,uncertain,G1,,NO (text only; DGF=0),NO,PARTIAL,PARTIAL,INSUFFICIENT,Nothing (observation missing),Any judgment requiring the missing observation,NOT_BOUNDARY
is11_resnet_p4_320_146,MA_HUMAN_VALIDATION,is11_resnet,academic_paper,text_drawing_association,T1_STRUCTURAL_ASSOCIATION,yes,L5_SUFFICIENT,,YES (text + extent + spatial + context),YES (DEF extent formed),YES (E1 Pack complete),YES (Human made definitive judgment),SUFFICIENT,Definitive judgment (yes),Stronger semantic claim beyond the judgment,NOT_BOUNDARY
is11_resnet_p5_359_225,MA_HUMAN_VALIDATION,is11_resnet,academic_paper,text_drawing_association,T1_STRUCTURAL_ASSOCIATION,no,L5_SUFFICIENT,,YES (text + extent + spatial + context),YES (DEF extent formed),YES (E1 Pack complete),YES (Human made definitive judgment),SUFFICIENT,Definitive judgment (no),Stronger semantic claim beyond the judgment,NOT_BOUNDARY
is11_resnet_p1_435_316,MA_HUMAN_VALIDATION,is11_resnet,academic_paper,text_drawing_association,T1_STRUCTURAL_ASSOCIATION,yes,L5_SUFFICIENT,,YES (text + extent + spatial + context),YES (DEF extent formed),YES (E1 Pack complete),YES (Human made definitive judgment),SUFFICIENT,Definitive judgment (yes),Stronger semantic claim beyond the judgment,NOT_BOUNDARY
arxiv_2402.18619_p16_172_568,MA_HUMAN_VALIDATION,arxiv_2402.18619,academic_paper,text_drawing_association,T1_STRUCTURAL_ASSOCIATION,yes,L5_SUFFICIENT,,YES (text + extent + spatial + context),YES (DEF extent formed),YES (E1 Pack complete),YES (Human made definitive judgment),SUFFICIENT,Definitive judgment (yes),Stronger semantic claim beyond the judgment,NOT_BOUNDARY
arxiv_2402.18619_p15_74_275,MA_HUMAN_VALIDATION,arxiv_2402.18619,academic_paper,text_drawing_association,T1_STRUCTURAL_ASSOCIATION,yes,L5_SUFFICIENT,,YES (text + extent + spatial + context),YES (DEF extent formed),YES (E1 Pack complete),YES (Human made definitive judgment),SUFFICIENT,Definitive judgment (yes),Stronger semantic claim beyond the judgment,NOT_BOUNDARY
arxiv_2402.18619_p10_72_729,MA_HUMAN_VALIDATION,arxiv_2402.18619,academic_paper,text_drawing_association,T1_STRUCTURAL_ASSOCIATION,yes,L5_SUFFICIENT,,YES (text + extent + spatial + context),YES (DEF extent formed),YES (E1 Pack complete),YES (Human made definitive judgment),SUFFICIENT,Definitive judgment (yes),Stronger semantic claim beyond the judgment,NOT_BOUNDARY
arxiv_2402.18619_p19_72_248,MA_HUMAN_VALIDATION,arxiv_2402.18619,academic_paper,text_drawing_association,T1_STRUCTURAL_ASSOCIATION,yes,L5_SUFFICIENT,,YES (text + extent + spatial + context),YES (DEF extent formed),YES (E1 Pack complete),YES (Human made definitive judgment),SUFFICIENT,Definitive judgment (yes),Stronger semantic claim beyond the judgment,NOT_BOUNDARY
is11_med_001_p14_85_386,MA_HUMAN_VALIDATION,is11_med_001,academic_paper,text_drawing_association,T1_STRUCTURAL_ASSOCIATION,yes,L5_SUFFICIENT,,YES (text + extent + spatial + context),YES (DEF extent formed),YES (E1 Pack complete),YES (Human made definitive judgment),SUFFICIENT,Definitive judgment (yes),Stronger semantic claim beyond the judgment,NOT_BOUNDARY
is11_resnet_p1_412_338,MA_HUMAN_VALIDATION,is11_resnet,academic_paper,text_drawing_association,T1_STRUCTURAL_ASSOCIATION,yes,L5_SUFFICIENT,,YES (text + extent + spatial + context),YES (DEF extent formed),YES (E1 Pack complete),YES (Human made definitive judgment),SUFFICIENT,Definitive judgment (yes),Stronger semantic claim beyond the judgment,NOT_BOUNDARY
is11_med_001_p15_244_342,MA_HUMAN_VALIDATION,is11_med_001,academic_paper,text_drawing_association,T1_STRUCTURAL_ASSOCIATION,uncertain,L5_SUFFICIENT,,YES (text + extent + spatial + context),YES (DEF extent formed),YES (E1 Pack complete),YES (Human made definitive judgment),INDETERMINATE,Unknown,Unknown,INDETERMINATE
arxiv_2402.18619_p19_83_745,MA_HUMAN_VALIDATION,arxiv_2402.18619,academic_paper,text_drawing_association,T1_STRUCTURAL_ASSOCIATION,yes,L5_SUFFICIENT,,YES (text + extent + spatial + context),YES (DEF extent formed),YES (E1 Pack complete),YES (Human made definitive judgment),SUFFICIENT,Definitive judgment (yes),Stronger semantic claim beyond the judgment,NOT_BOUNDARY
is11_med_001_p24_85_572,MA_HUMAN_VALIDATION,is11_med_001,academic_paper,text_drawing_association,T1_STRUCTURAL_ASSOCIATION,yes,L5_SUFFICIENT,,YES (text + extent + spatial + context),YES (DEF extent formed),YES (E1 Pack complete),YES (Human made definitive judgment),SUFFICIENT,Definitive judgment (yes),Stronger semantic claim beyond the judgment,NOT_BOUNDARY
is11_cs_001_p1_108_651,MA_HUMAN_VALIDATION,is11_cs_001,academic_paper,text_drawing_association,T1_STRUCTURAL_ASSOCIATION,yes,L5_SUFFICIENT,,YES (text + extent + spatial + context),YES (DEF extent formed),YES (E1 Pack complete),YES (Human made definitive judgment),SUFFICIENT,Definitive judgment (yes),Stronger semantic claim beyond the judgment,NOT_BOUNDARY
is11_med_001_p15_261_316,MA_HUMAN_VALIDATION,is11_med_001,academic_paper,text_drawing_association,T1_STRUCTURAL_ASSOCIATION,yes,L5_SUFFICIENT,,YES (text + extent + spatial + context),YES (DEF extent formed),YES (E1 Pack complete),YES (Human made definitive judgment),SUFFICIENT,Definitive judgment (yes),Stronger semantic claim beyond the judgment,NOT_BOUNDARY
